{"cameraMode":{"drawMode":0,"name":"Shaded","section":"Shading Mode"},"sceneLighting":false,"audioPlay":false,"sceneViewState":{"m_AlwaysRefresh":false,"showFog":true,"showSkybox":true,"showFlares":true,"showImageEffects":true,"showParticleSystems":true,"showVisualEffectGraphs":true,"m_FxEnabled":true},"in2DMode":false,"pivot":{"x":-0.9828643202781677,"y":18.83525848388672,"z":-11.519306182861329},"rotation":{"x":0.33357685804367068,"y":0.062477659434080127,"z":-0.022003335878252984,"w":0.9405566453933716},"size":3.024752140045166,"orthographic":false}