{"cameraMode":{"drawMode":0,"name":"Shaded","section":"Shading Mode"},"sceneLighting":false,"audioPlay":false,"sceneViewState":{"m_AlwaysRefresh":false,"showFog":true,"showSkybox":true,"showFlares":true,"showImageEffects":true,"showParticleSystems":true,"showVisualEffectGraphs":true,"m_FxEnabled":true},"in2DMode":false,"pivot":{"x":0.7923144102096558,"y":4.186084270477295,"z":1.4367481470108033},"rotation":{"x":0.17771311104297639,"y":0.051476094871759418,"z":-0.008479761891067028,"w":0.9830079674720764},"size":2.8198704719543459,"orthographic":false}